Workbook

Sheet 使い方
A1: 特典③ 7日育成カレンダー
A2: 出した1本を、7日間かけて使い切る。量産しない、1本で釣る。
A4: ■ このシートでできること
A5: ・「育成ボード」に投稿日と1行目を入れると、今日どの投稿の何日目かが自動でオレンジ色に光ります
A6: ・「今日のやること」シートを開けば、今日やる育成作業が一覧で出ます（日付は自動で今日になります）
A7: ・作業が終わったら「✓」を選ぶだけ。7日分の育成状況が一目でわかります
A9: ■ 入力するのは黄色いセルだけ
A10: ・投稿日（例：2026/10/05）／型（プルダウン）／1行目（コピペ）／Day3の判定（○ / ×）
A11: ・Day1〜Day7の欄は、作業が終わったら「✓」を選びます。Day4はアタリでなければ「-」（今回は置かない）を選びます
A12: ・灰色や白のセルは自動計算です。触らなくて大丈夫です
A14: ■ 毎日の使い方（2〜3分）
A15: 1. 平日15分の最初に「今日のやること」シートを開く
... A20: ■ 7日間の育成メニュー
A21: 日 | B21: タイミング | C21: 作業名 | D21: やること | E21: 使うプロンプト（特典①）
A22: Day1 | B22: 投稿日 | C22: 返信 | D22: 投稿後1時間以内についたコメントに、間をあけながら1件ずつ返信する（同じ文面のコピペ返信はしない） | E22: 応用C
A23: Day2 | B23: 翌日 | C23: 追記 | D23: 自分のコメント欄に「追記」を1つ。失敗談・小ワザ・その後のどれか。リンクは入れない | E23: 応用B
A24: Day3 | B24: 2日後 | C24: 判定 | D24: 保存数・コメント数を見て「アタリ（○）」か判定。基準は釣果ノートの設定と同じ | E24: 釣果ノート
A25: Day4 | B25: 3日後 | C25: リンク | D25: アタリの投稿だけ、コメント欄に楽天のリンクを押しつけない一言＋#PRで置く。アタリでなければ何もしない | E25: 応用F
A26: Day5 | B26: 4日後 | C26: お返事 | D26: 集まったコメントをもとに「お返事投稿」を新しい1本として出す（コメントが少なければスキップ可） | E26: 応用D
A27: Day6 | B27: 5日後 | C27: 別切り口 | D27: 同じテーマを別の型で書き直す案を、週末の壁打ちに回すメモを残す | E27: 応用E
A28: Day7 | B28: 6日後 | C28: 記録 | D28: 釣果ノートに数字を記録して、育成終了 | E28: 釣果ノート/応用G
A30: ■ 守りのルール
A31: ・返信は時間をあけて1件ずつ。短時間に大量の返信や同じ文面のくり返しは、スパムのような動きに見えることがあります
A32: ・同じ内容の再投稿はしない。Day6の書き直しは、型と1行目を必ず変える
A33: ・リンクにはPR表記（#PR など）をつける。楽天アフィリエイトの最新の規約は公式ページで確認してください
A35: ■ 記入例は「育成ボード」の5行目にあります（灰色の行）。自分の投稿を入れるときは6行目から使ってください

Sheet 今日のやること
A1: 今日のやること
A2: 日付は自動で今日になります。別の日を見たいときは、C3に日付を上書きしてください
A3: 対象日 | C3: =TODAY() -> 46299
A5: 育成日 | B5: 対象の投稿日 | C5: その投稿の1行目 | D5: 今日やること | E5: 状態
A6: Day1（返信） | B6: =$C$3-0 -> 46299 | C6: =IFERROR(INDEX(育成ボード!$D$6:$D$156,MATCH(B6,育成ボード!$B$6:$B$156,0)),"（この日の投稿なし）") -> （この日の投稿なし） | D6: =IFERROR(IF(MATCH(B6,育成ボード!$B$6:$B$156,0)>0,"投稿後1時間以内についたコメントに、間をあけながら1件ずつ返信する（同じ文面のコピペ返信はしない）"),"-") -> - | E6: =IFERROR(IF(INDEX(育成ボード!$E$6:$E$156,MATCH(B6,育成ボード!$B$6:$B$156,0))="","未完了","済"),"-") -> -
A7: Day2（追記） | B7: =$C$3-1 -> 46298 | C7: =IFERROR(INDEX(育成ボード!$D$6:$D$156,MATCH(B7,育成ボード!$B$6:$B$156,0)),"（この日の投稿なし）") -> （この日の投稿なし） | D7: =IFERROR(IF(MATCH(B7,育成ボード!$B$6:$B$156,0)>0,"自分のコメント欄に「追記」を1つ。失敗談・小ワザ・その後のどれか。リンクは入れない"),"-") -> - | E7: =IFERROR(IF(INDEX(育成ボード!$F$6:$F$156,MATCH(B7,育成ボード!$B$6:$B$156,0))="","未完了","済"),"-") -> -
A8: Day3（判定） | B8: =$C$3-2 -> 46297 | C8: =IFERROR(INDEX(育成ボード!$D$6:$D$156,MATCH(B8,育成ボード!$B$6:$B$156,0)),"（この日の投稿なし）") -> （この日の投稿なし） | D8: =IFERROR(IF(MATCH(B8,育成ボード!$B$6:$B$156,0)>0,"保存数・コメント数を見て「アタリ（○）」か判定。基準は釣果ノートの設定と同じ"),"-") -> - | E8: =IFERROR(IF(INDEX(育成ボード!$G$6:$G$156,MATCH(B8,育成ボード!$B$6:$B$156,0))="","未完了","済"),"-") -> -
A9: Day4（リンク） | B9: =$C$3-3 -> 46296 | C9: =IFERROR(INDEX(育成ボード!$D$6:$D$156,MATCH(B9,育成ボード!$B$6:$B$156,0)),"（この日の投稿なし）") -> （この日の投稿なし） | D9: =IFERROR(IF(INDEX(育成ボード!$H$6:$H$156,MATCH(B9,育成ボード!$B$6:$B$156,0))="○","アタリ！コメント欄に一言＋リンク＋#PR（応用F）",IF(INDEX(育成ボード!$H$6:$H$156,MATCH(B9,育成ボード!$B$6:$B$156,0))="×","アタリではないので、今回はリンクを置かない（「-」を選ぶ）","Day3の判定がまだです。先に判定してください")),"-") -> - | E9: =IFERROR(IF(INDEX(育成ボード!$I$6:$I$156,MATCH(B9,育成ボード!$B$6:$B$156,0))="","未完了","済"),"-") -> -
A10: Day5（お返事） | B10: =$C$3-4 -> 46295 | C10: =IFERROR(INDEX(育成ボード!$D$6:$D$156,MATCH(B10,育成ボード!$B$6:$B$156,0)),"（この日の投稿なし）") -> （この日の投稿なし） | D10: =IFERROR(IF(MATCH(B10,育成ボード!$B$6:$B$156,0)>0,"集まったコメントをもとに「お返事投稿」を新しい1本として出す（コメントが少なければスキップ可）"),"-") -> - | E10: =IFERROR(IF(INDEX(育成ボード!$J$6:$J$156,MATCH(B10,育成ボード!$B$6:$B$156,0))="","未完了","済"),"-") -> -
A11: Day6（別切り口） | B11: =$C$3-5 -> 46294 | C11: =IFERROR(INDEX(育成ボード!$D$6:$D$156,MATCH(B11,育成ボード!$B$6:$B$156,0)),"（この日の投稿なし）") -> （この日の投稿なし） | D11: =IFERROR(IF(MATCH(B11,育成ボード!$B$6:$B$156,0)>0,"同じテーマを別の型で書き直す案を、週末の壁打ちに回すメモを残す"),"-") -> - | E11: =IFERROR(IF(INDEX(育成ボード!$K$6:$K$156,MATCH(B11,育成ボード!$B$6:$B$156,0))="","未完了","済"),"-") -> -
A12: Day7（記録） | B12: =$C$3-6 -> 46293 | C12: =IFERROR(INDEX(育成ボード!$D$6:$D$156,MATCH(B12,育成ボード!$B$6:$B$156,0)),"（この日の投稿なし）") -> （この日の投稿なし） | D12: =IFERROR(IF(MATCH(B12,育成ボード!$B$6:$B$156,0)>0,"釣果ノートに数字を記録して、育成終了"),"-") -> - | E12: =IFERROR(IF(INDEX(育成ボード!$L$6:$L$156,MATCH(B12,育成ボード!$B$6:$B$156,0))="","未完了","済"),"-") -> -
A14: ■ 終わったら
A15: ・「育成ボード」で該当する日の欄に ✓ をつけると、ここも「済」になります
A16: ・育成作業は全部で2〜3分。終わったら、今日の新しい1本へ（特典①②）

Sheet 育成ボード
A1: 育成ボード
A2: 黄色＝入力／オレンジ＝今日がその投稿の育成日／✓で完了
A3: 今日の日付 | C3: =TODAY() -> 46299
A4: No | B4: 投稿日 | C4: 型 | D4: 1行目 | E4: Day1 返信 | F4: Day2 追記 | G4: Day3 判定 | H4: Day3 アタリ? | I4: Day4 リンク | J4: Day5 お返事 | K4: Day6 別切り口 | L4: Day7 記録 | M4: 進み具合 | N4: 状態
A5: 例 | B5: =DATE(2026,10,5) -> 46300 | C5: 場面→工夫型 | D5: 月曜19時、冷蔵庫の前で立ち尽くすの、私だけ？ | E5: ✓ | F5: ✓ | G5: ✓ | H5: ○ | I5: ✓ | J5: ✓ | K5: ✓ | L5: ✓ | M5: =IF(B5="","",(COUNTIF(E5:G5,"✓")+COUNTIF(I5:L5,"✓")+COUNTIF(I5,"-"))/7) -> 1 | N5: =IF(B5="","",IF(M5>=1,"育成完了",IF($C$3-B5>6,"期限切れ（記録だけでもOK）",IF($C$3<B5,"予約中","Day"&($C$3-B5+1)&" 育成中")))) -> 育成完了
A6: 1 | M6: =IF(B6="","",(COUNTIF(E6:G6,"✓")+COUNTIF(I6:L6,"✓")+COUNTIF(I6,"-"))/7) | N6: =IF(B6="","",IF(M6>=1,"育成完了",IF($C$3-B6>6,"期限切れ（記録だけでもOK）",IF($C$3<B6,"予約中","Day"&($C$3-B6+1)&" 育成中"))))
A7: 2 | M7: =IF(B7="","",(COUNTIF(E7:G7,"✓")+COUNTIF(I7:L7,"✓")+COUNTIF(I7,"-"))/7) | N7: =IF(B7="","",IF(M7>=1,"育成完了",IF($C$3-B7>6,"期限切れ（記録だけでもOK）",IF($C$3<B7,"予約中","Day"&($C$3-B7+1)&" 育成中"))))
A8: 3 | M8: =IF(B8="","",(COUNTIF(E8:G8,"✓")+COUNTIF(I8:L8,"✓")+COUNTIF(I8,"-"))/7) | N8: =IF(B8="","",IF(M8>=1,"育成完了",IF($C$3-B8>6,"期限切れ（記録だけでもOK）",IF($C$3<B8,"予約中","Day"&($C$3-B8+1)&" 育成中"))))
A9: 4 | M9: =IF(B9="","",(COUNTIF(E9:G9,"✓")+COUNTIF(I9:L9,"✓")+COUNTIF(I9,"-"))/7) | N9: =IF(B9="","",IF(M9>=1,"育成完了",IF($C$3-B9>6,"期限切れ（記録だけでもOK）",IF($C$3<B9,"予約中","Day"&($C$3-B9+1)&" 育成中"))))
A10: 5 | M10: =IF(B10="","",(COUNTIF(E10:G10,"✓")+COUNTIF(I10:L10,"✓")+COUNTIF(I10,"-"))/7) | N10: =IF(B10="","",IF(M10>=1,"育成完了",IF($C$3-B10>6,"期限切れ（記録だけでもOK）",IF($C$3<B10,"予約中","Day"&($C$3-B10+1)&" 育成中"))))
A11: 6 | M11: =IF(B11="","",(COUNTIF(E11:G11,"✓")+COUNTIF(I11:L11,"✓")+COUNTIF(I11,"-"))/7) | N11: =IF(B11="","",IF(M11>=1,"育成完了",IF($C$3-B11>6,"期限切れ（記録だけでもOK）",IF($C$3<B11,"予約中","Day"&($C$3-B11+1)&" 育成中"))))
A12: 7 | M12: =IF(B12="","",(COUNTIF(E12:G12,"✓")+COUNTIF(I12:L12,"✓")+COUNTIF(I12,"-"))/7) | N12: =IF(B12="","",IF(M12>=1,"育成完了",IF($C$3-B12>6,"期限切れ（記録だけでもOK）",IF($C$3<B12,"予約中","Day"&($C$3-B12+1)&" 育成中"))))
A13: 8 | M13: =IF(B13="","",(COUNTIF(E13:G13,"✓")+COUNTIF(I13:L13,"✓")+COUNTIF(I13,"-"))/7) | N13: =IF(B13="","",IF(M13>=1,"育成完了",IF($C$3-B13>6,"期限切れ（記録だけでもOK）",IF($C$3<B13,"予約中","Day"&($C$3-B13+1)&" 育成中"))))
A14: 9 | M14: =IF(B14="","",(COUNTIF(E14:G14,"✓")+COUNTIF(I14:L14,"✓")+COUNTIF(I14,"-"))/7) | N14: =IF(B14="","",IF(M14>=1,"育成完了",IF($C$3-B14>6,"期限切れ（記録だけでもOK）",IF($C$3<B14,"予約中","Day"&($C$3-B14+1)&" 育成中"))))
A15: 10 | M15: =IF(B15="","",(COUNTIF(E15:G15,"✓")+COUNTIF(I15:L15,"✓")+COUNTIF(I15,"-"))/7) | N15: =IF(B15="","",IF(M15>=1,"育成完了",IF($C$3-B15>6,"期限切れ（記録だけでもOK）",IF($C$3<B15,"予約中","Day"&($C$3-B15+1)&" 育成中"))))
A16: 11 | M16: =IF(B16="","",(COUNTIF(E16:G16,"✓")+COUNTIF(I16:L16,"✓")+COUNTIF(I16,"-"))/7) | N16: =IF(B16="","",IF(M16>=1,"育成完了",IF($C$3-B16>6,"期限切れ（記録だけでもOK）",IF($C$3<B16,"予約中","Day"&($C$3-B16+1)&" 育成中"))))
A17: 12 | M17: =IF(B17="","",(COUNTIF(E17:G17,"✓")+COUNTIF(I17:L17,"✓")+COUNTIF(I17,"-"))/7) | N17: =IF(B17="","",IF(M17>=1,"育成完了",IF($C$3-B17>6,"期限切れ（記録だけでもOK）",IF($C$3<B17,"予約中","Day"&($C$3-B17+1)&" 育成中"))))
... A155: 150 | M155: =IF(B155="","",(COUNTIF(E155:G155,"✓")+COUNTIF(I155:L155,"✓")+COUNTIF(I155,"-"))/7) | N155: =IF(B155="","",IF(M155>=1,"育成完了",IF($C$3-B155>6,"期限切れ（記録だけでもOK）",IF($C$3<B155,"予約中","Day"&($C$3-B155+1)&" 育成中"))))
