Workbook

Sheet 使い方
A1: 特典④ 釣果ノート（振り返りシート）
A2: 週末10分。数字を入れるだけで、あなたの「効く型」と「効く1行目」が見えてきます。
A4: ■ シートの役割
A5: ・設定：釣り場と「アタリ」の判定基準を決める（最初に1回だけ）
A6: ・記録：投稿ごとの数字を入れる（週末にまとめて5本分）
A7: ・型別分析：どの型・どの1行目パターンが効いているかを自動集計
A8: ・週次ふりかえり：13週（約90日）分の週ごとの成績と、来週の作戦メモ
A9: ・魚拓：テーマごとのアタリ数を数え、note化のタイミングを知らせる
A11: ■ 入力するのは黄色いセルだけ。白・灰色のセルは自動計算です
A13: ■ 数字はどこで見る？
A14: ・Threadsアプリで自分の投稿を開くと、閲覧数・いいね・返信などの反応が確認できます（表示場所はアプリの更新で変わることがあります）
A15: ・保存数が見られない場合は、空欄のままでOK。コメント数だけでもアタリは判定できます
... A18: ■ 記入例（「記録」シートの6行目から、この形で入れます）
A19: 投稿日 | B19: 型 | C19: 1行目パターン | D19: テーマ（魚拓用） | E19: 1行目 | F19: 閲覧 | G19: いいね | H19: 保存 | I19: コメント | J19: リンク | K19: クリック | L19: 気づき
A20: 2026/10/05 | B20: 場面→工夫型 | C20: ①場面の独り言 | D20: 平日の夕飯 | E20: 月曜19時、冷蔵庫の前で立ち尽くすの、私だけ？ | F20: 1200 | G20: 34 | H20: 12 | I20: 5 | J20: はい | K20: 8 | L20: 時刻入りの1行目が強い。日曜の下ごしらえネタは保存される
A22: ■ 週末10分の使い方
A23: 1. 「記録」に今週の5本の数字を入れる（5分）
A24: 2. 「週次ふりかえり」で今週の行を見る。アタリ数とベスト投稿を確認（2分）
A25: 3. 「続ける／やめる／試す」を1つずつ書く（3分）
A26: 迷ったら、今週の記録をコピーして特典①の「応用G 釣果ノートの週次分析」に貼ると、AIが仮説を出してくれます
A28: ■ 「アタリ」の判定について
A29: ・アタリ＝「育てる価値がある1本」。設定シートの基準のどれか1つを満たすと自動で ○ になります
A30: ・最初の数週間は数字が小さいのが普通です。基準は、あなたのアカウントの規模に合わせて下げてかまいません
A31: ・目安：最初は「保存3以上」または「コメント2以上」くらいから。慣れてきたら上げていきましょう

Sheet 設定
A1: 設定
A2: 最初に1回だけ。黄色いセルを書き換えてください
A4: 項目 | B4: 値 | C4: メモ
A5: 釣り場（発信テーマ） | B5: 例：フルタイムで働く親が、平日の夕飯を15分で終わらせるための工夫を発信する | C5: 釣り場の1行（本編 第2章）
A6: 運用開始日 | B6: =DATE(2026,10,5) -> 46300 | C6: 週番号の計算に使います。1本目を投稿した日
A7: アタリ基準：保存数がこれ以上 | B7: 5 | C7: アカウントの規模に合わせて調整（初期値は仮の目安です）
A8: アタリ基準：コメント数がこれ以上 | B8: 3 | C8: 同上
A9: アタリ基準：保存率（保存÷閲覧）がこれ以上 | B9: 0.01 | C9: 同上。閲覧が少ないうちは保存率が高く出やすい点に注意
A10: 魚拓の目標数（note化のサイン） | B10: 5 | C10: 本編 第6章：同じテーマのアタリが5本

Sheet 記録
A1: 記録
A2: 黄色＝入力／白＝自動計算。週末に5本分まとめて入れればOK
H3: アタリ＝設定シートの基準（保存数・コメント数・保存率）のどれかを満たした投稿。オレンジ色になります
A5: No | B5: 投稿日 | C5: 曜日 | D5: 週 | E5: 型 | F5: 1行目パターン | G5: テーマ（魚拓用） | H5: 1行目 | I5: 閲覧 | J5: いいね | K5: 保存 | L5: コメント | M5: リンク置いた？ | N5: クリック | O5: 保存率 | P5: アタリ | Q5: 気づき（1行） | R5: _key
A6: 1 | C6: =IF(B6="","",CHOOSE(WEEKDAY(B6),"日","月","火","水","木","金","土")) | D6: =IF(B6="","",INT((B6-設定!$B$6)/7)+1) | O6: =IF(OR(I6="",I6=0,K6=""),"",K6/I6) | P6: =IF(B6="","",IF(OR(AND(K6<>"",K6>=設定!$B$7),AND(L6<>"",L6>=設定!$B$8),AND(O6<>"",O6>=設定!$B$9)),"○","×")) | R6: =IF(B6="","",D6&"-"&N(K6))
A7: 2 | C7: =IF(B7="","",CHOOSE(WEEKDAY(B7),"日","月","火","水","木","金","土")) | D7: =IF(B7="","",INT((B7-設定!$B$6)/7)+1) | O7: =IF(OR(I7="",I7=0,K7=""),"",K7/I7) | P7: =IF(B7="","",IF(OR(AND(K7<>"",K7>=設定!$B$7),AND(L7<>"",L7>=設定!$B$8),AND(O7<>"",O7>=設定!$B$9)),"○","×")) | R7: =IF(B7="","",D7&"-"&N(K7))
A8: 3 | C8: =IF(B8="","",CHOOSE(WEEKDAY(B8),"日","月","火","水","木","金","土")) | D8: =IF(B8="","",INT((B8-設定!$B$6)/7)+1) | O8: =IF(OR(I8="",I8=0,K8=""),"",K8/I8) | P8: =IF(B8="","",IF(OR(AND(K8<>"",K8>=設定!$B$7),AND(L8<>"",L8>=設定!$B$8),AND(O8<>"",O8>=設定!$B$9)),"○","×")) | R8: =IF(B8="","",D8&"-"&N(K8))
A9: 4 | C9: =IF(B9="","",CHOOSE(WEEKDAY(B9),"日","月","火","水","木","金","土")) | D9: =IF(B9="","",INT((B9-設定!$B$6)/7)+1) | O9: =IF(OR(I9="",I9=0,K9=""),"",K9/I9) | P9: =IF(B9="","",IF(OR(AND(K9<>"",K9>=設定!$B$7),AND(L9<>"",L9>=設定!$B$8),AND(O9<>"",O9>=設定!$B$9)),"○","×")) | R9: =IF(B9="","",D9&"-"&N(K9))
A10: 5 | C10: =IF(B10="","",CHOOSE(WEEKDAY(B10),"日","月","火","水","木","金","土")) | D10: =IF(B10="","",INT((B10-設定!$B$6)/7)+1) | O10: =IF(OR(I10="",I10=0,K10=""),"",K10/I10) | P10: =IF(B10="","",IF(OR(AND(K10<>"",K10>=設定!$B$7),AND(L10<>"",L10>=設定!$B$8),AND(O10<>"",O10>=設定!$B$9)),"○","×")) | R10: =IF(B10="","",D10&"-"&N(K10))
A11: 6 | C11: =IF(B11="","",CHOOSE(WEEKDAY(B11),"日","月","火","水","木","金","土")) | D11: =IF(B11="","",INT((B11-設定!$B$6)/7)+1) | O11: =IF(OR(I11="",I11=0,K11=""),"",K11/I11) | P11: =IF(B11="","",IF(OR(AND(K11<>"",K11>=設定!$B$7),AND(L11<>"",L11>=設定!$B$8),AND(O11<>"",O11>=設定!$B$9)),"○","×")) | R11: =IF(B11="","",D11&"-"&N(K11))
A12: 7 | C12: =IF(B12="","",CHOOSE(WEEKDAY(B12),"日","月","火","水","木","金","土")) | D12: =IF(B12="","",INT((B12-設定!$B$6)/7)+1) | O12: =IF(OR(I12="",I12=0,K12=""),"",K12/I12) | P12: =IF(B12="","",IF(OR(AND(K12<>"",K12>=設定!$B$7),AND(L12<>"",L12>=設定!$B$8),AND(O12<>"",O12>=設定!$B$9)),"○","×")) | R12: =IF(B12="","",D12&"-"&N(K12))
A13: 8 | C13: =IF(B13="","",CHOOSE(WEEKDAY(B13),"日","月","火","水","木","金","土")) | D13: =IF(B13="","",INT((B13-設定!$B$6)/7)+1) | O13: =IF(OR(I13="",I13=0,K13=""),"",K13/I13) | P13: =IF(B13="","",IF(OR(AND(K13<>"",K13>=設定!$B$7),AND(L13<>"",L13>=設定!$B$8),AND(O13<>"",O13>=設定!$B$9)),"○","×")) | R13: =IF(B13="","",D13&"-"&N(K13))
A14: 9 | C14: =IF(B14="","",CHOOSE(WEEKDAY(B14),"日","月","火","水","木","金","土")) | D14: =IF(B14="","",INT((B14-設定!$B$6)/7)+1) | O14: =IF(OR(I14="",I14=0,K14=""),"",K14/I14) | P14: =IF(B14="","",IF(OR(AND(K14<>"",K14>=設定!$B$7),AND(L14<>"",L14>=設定!$B$8),AND(O14<>"",O14>=設定!$B$9)),"○","×")) | R14: =IF(B14="","",D14&"-"&N(K14))
A15: 10 | C15: =IF(B15="","",CHOOSE(WEEKDAY(B15),"日","月","火","水","木","金","土")) | D15: =IF(B15="","",INT((B15-設定!$B$6)/7)+1) | O15: =IF(OR(I15="",I15=0,K15=""),"",K15/I15) | P15: =IF(B15="","",IF(OR(AND(K15<>"",K15>=設定!$B$7),AND(L15<>"",L15>=設定!$B$8),AND(O15<>"",O15>=設定!$B$9)),"○","×")) | R15: =IF(B15="","",D15&"-"&N(K15))
A16: 11 | C16: =IF(B16="","",CHOOSE(WEEKDAY(B16),"日","月","火","水","木","金","土")) | D16: =IF(B16="","",INT((B16-設定!$B$6)/7)+1) | O16: =IF(OR(I16="",I16=0,K16=""),"",K16/I16) | P16: =IF(B16="","",IF(OR(AND(K16<>"",K16>=設定!$B$7),AND(L16<>"",L16>=設定!$B$8),AND(O16<>"",O16>=設定!$B$9)),"○","×")) | R16: =IF(B16="","",D16&"-"&N(K16))
A17: 12 | C17: =IF(B17="","",CHOOSE(WEEKDAY(B17),"日","月","火","水","木","金","土")) | D17: =IF(B17="","",INT((B17-設定!$B$6)/7)+1) | O17: =IF(OR(I17="",I17=0,K17=""),"",K17/I17) | P17: =IF(B17="","",IF(OR(AND(K17<>"",K17>=設定!$B$7),AND(L17<>"",L17>=設定!$B$8),AND(O17<>"",O17>=設定!$B$9)),"○","×")) | R17: =IF(B17="","",D17&"-"&N(K17))
... A205: 200 | C205: =IF(B205="","",CHOOSE(WEEKDAY(B205),"日","月","火","水","木","金","土")) | D205: =IF(B205="","",INT((B205-設定!$B$6)/7)+1) | O205: =IF(OR(I205="",I205=0,K205=""),"",K205/I205) | P205: =IF(B205="","",IF(OR(AND(K205<>"",K205>=設定!$B$7),AND(L205<>"",L205>=設定!$B$8),AND(O205<>"",O205>=設定!$B$9)),"○","×")) | R205: =IF(B205="","",D205&"-"&N(K205))

Sheet 型別分析
A1: 型別分析
A2: どの型・どの1行目が効いているか。投稿数が3本以上たまってから見るのがおすすめです
A4: 型 | B4: 投稿数 | C4: アタリ数 | D4: アタリ率 | E4: 平均閲覧 | F4: 平均保存 | G4: 平均コメント | H4: 平均保存率 | I4: 判定
A5: 場面→工夫型 | B5: =COUNTIF(記録!$E$6:$E$205,A5) -> 0 | C5: =COUNTIFS(記録!$E$6:$E$205,A5,記録!$P$6:$P$205,"○") -> 0 | D5: =IF(B5=0,"",C5/B5) | E5: =IFERROR(AVERAGEIFS(記録!$I$6:$I$205,記録!$E$6:$E$205,A5),"") | F5: =IFERROR(AVERAGEIFS(記録!$K$6:$K$205,記録!$E$6:$E$205,A5),"") | G5: =IFERROR(AVERAGEIFS(記録!$L$6:$L$205,記録!$E$6:$E$205,A5),"") | H5: =IFERROR(AVERAGEIFS(記録!$O$6:$O$205,記録!$E$6:$E$205,A5),"") | I5: =IF(B5<3,"データ不足（3本以上で判定）",IF(D5>=0.4,"◎ 効いている。来週も使う",IF(D5>=0.2,"○ まずまず","△ 1行目か場面を見直す"))) -> データ不足（3本以上で判定）
A6: ビフォーアフター型 | B6: =COUNTIF(記録!$E$6:$E$205,A6) -> 0 | C6: =COUNTIFS(記録!$E$6:$E$205,A6,記録!$P$6:$P$205,"○") -> 0 | D6: =IF(B6=0,"",C6/B6) | E6: =IFERROR(AVERAGEIFS(記録!$I$6:$I$205,記録!$E$6:$E$205,A6),"") | F6: =IFERROR(AVERAGEIFS(記録!$K$6:$K$205,記録!$E$6:$E$205,A6),"") | G6: =IFERROR(AVERAGEIFS(記録!$L$6:$L$205,記録!$E$6:$E$205,A6),"") | H6: =IFERROR(AVERAGEIFS(記録!$O$6:$O$205,記録!$E$6:$E$205,A6),"") | I6: =IF(B6<3,"データ不足（3本以上で判定）",IF(D6>=0.4,"◎ 効いている。来週も使う",IF(D6>=0.2,"○ まずまず","△ 1行目か場面を見直す"))) -> データ不足（3本以上で判定）
A7: 失敗談型 | B7: =COUNTIF(記録!$E$6:$E$205,A7) -> 0 | C7: =COUNTIFS(記録!$E$6:$E$205,A7,記録!$P$6:$P$205,"○") -> 0 | D7: =IF(B7=0,"",C7/B7) | E7: =IFERROR(AVERAGEIFS(記録!$I$6:$I$205,記録!$E$6:$E$205,A7),"") | F7: =IFERROR(AVERAGEIFS(記録!$K$6:$K$205,記録!$E$6:$E$205,A7),"") | G7: =IFERROR(AVERAGEIFS(記録!$L$6:$L$205,記録!$E$6:$E$205,A7),"") | H7: =IFERROR(AVERAGEIFS(記録!$O$6:$O$205,記録!$E$6:$E$205,A7),"") | I7: =IF(B7<3,"データ不足（3本以上で判定）",IF(D7>=0.4,"◎ 効いている。来週も使う",IF(D7>=0.2,"○ まずまず","△ 1行目か場面を見直す"))) -> データ不足（3本以上で判定）
A8: 比べてみた型 | B8: =COUNTIF(記録!$E$6:$E$205,A8) -> 0 | C8: =COUNTIFS(記録!$E$6:$E$205,A8,記録!$P$6:$P$205,"○") -> 0 | D8: =IF(B8=0,"",C8/B8) | E8: =IFERROR(AVERAGEIFS(記録!$I$6:$I$205,記録!$E$6:$E$205,A8),"") | F8: =IFERROR(AVERAGEIFS(記録!$K$6:$K$205,記録!$E$6:$E$205,A8),"") | G8: =IFERROR(AVERAGEIFS(記録!$L$6:$L$205,記録!$E$6:$E$205,A8),"") | H8: =IFERROR(AVERAGEIFS(記録!$O$6:$O$205,記録!$E$6:$E$205,A8),"") | I8: =IF(B8<3,"データ不足（3本以上で判定）",IF(D8>=0.4,"◎ 効いている。来週も使う",IF(D8>=0.2,"○ まずまず","△ 1行目か場面を見直す"))) -> データ不足（3本以上で判定）
A9: 問いかけ型 | B9: =COUNTIF(記録!$E$6:$E$205,A9) -> 0 | C9: =COUNTIFS(記録!$E$6:$E$205,A9,記録!$P$6:$P$205,"○") -> 0 | D9: =IF(B9=0,"",C9/B9) | E9: =IFERROR(AVERAGEIFS(記録!$I$6:$I$205,記録!$E$6:$E$205,A9),"") | F9: =IFERROR(AVERAGEIFS(記録!$K$6:$K$205,記録!$E$6:$E$205,A9),"") | G9: =IFERROR(AVERAGEIFS(記録!$L$6:$L$205,記録!$E$6:$E$205,A9),"") | H9: =IFERROR(AVERAGEIFS(記録!$O$6:$O$205,記録!$E$6:$E$205,A9),"") | I9: =IF(B9<3,"データ不足（3本以上で判定）",IF(D9>=0.4,"◎ 効いている。来週も使う",IF(D9>=0.2,"○ まずまず","△ 1行目か場面を見直す"))) -> データ不足（3本以上で判定）
A10: お返事投稿 | B10: =COUNTIF(記録!$E$6:$E$205,A10) -> 0 | C10: =COUNTIFS(記録!$E$6:$E$205,A10,記録!$P$6:$P$205,"○") -> 0 | D10: =IF(B10=0,"",C10/B10) | E10: =IFERROR(AVERAGEIFS(記録!$I$6:$I$205,記録!$E$6:$E$205,A10),"") | F10: =IFERROR(AVERAGEIFS(記録!$K$6:$K$205,記録!$E$6:$E$205,A10),"") | G10: =IFERROR(AVERAGEIFS(記録!$L$6:$L$205,記録!$E$6:$E$205,A10),"") | H10: =IFERROR(AVERAGEIFS(記録!$O$6:$O$205,記録!$E$6:$E$205,A10),"") | I10: =IF(B10<3,"データ不足（3本以上で判定）",IF(D10>=0.4,"◎ 効いている。来週も使う",IF(D10>=0.2,"○ まずまず","△ 1行目か場面を見直す"))) -> データ不足（3本以上で判定）
A12: 1行目パターン | B12: 投稿数 | C12: アタリ数 | D12: アタリ率 | E12: 平均閲覧 | F12: 平均保存 | G12: 平均コメント | H12: 平均保存率 | I12: 判定
A13: ①場面の独り言 | B13: =COUNTIF(記録!$F$6:$F$205,A13) -> 0 | C13: =COUNTIFS(記録!$F$6:$F$205,A13,記録!$P$6:$P$205,"○") -> 0 | D13: =IF(B13=0,"",C13/B13) | E13: =IFERROR(AVERAGEIFS(記録!$I$6:$I$205,記録!$F$6:$F$205,A13),"") | F13: =IFERROR(AVERAGEIFS(記録!$K$6:$K$205,記録!$F$6:$F$205,A13),"") | G13: =IFERROR(AVERAGEIFS(記録!$L$6:$L$205,記録!$F$6:$F$205,A13),"") | H13: =IFERROR(AVERAGEIFS(記録!$O$6:$O$205,記録!$F$6:$F$205,A13),"") | I13: =IF(B13<3,"データ不足（3本以上で判定）",IF(D13>=0.4,"◎ 効いている。来週も使う",IF(D13>=0.2,"○ まずまず","△ 1行目か場面を見直す"))) -> データ不足（3本以上で判定）
A14: ②本音の告白 | B14: =COUNTIF(記録!$F$6:$F$205,A14) -> 0 | C14: =COUNTIFS(記録!$F$6:$F$205,A14,記録!$P$6:$P$205,"○") -> 0 | D14: =IF(B14=0,"",C14/B14) | E14: =IFERROR(AVERAGEIFS(記録!$I$6:$I$205,記録!$F$6:$F$205,A14),"") | F14: =IFERROR(AVERAGEIFS(記録!$K$6:$K$205,記録!$F$6:$F$205,A14),"") | G14: =IFERROR(AVERAGEIFS(記録!$L$6:$L$205,記録!$F$6:$F$205,A14),"") | H14: =IFERROR(AVERAGEIFS(記録!$O$6:$O$205,記録!$F$6:$F$205,A14),"") | I14: =IF(B14<3,"データ不足（3本以上で判定）",IF(D14>=0.4,"◎ 効いている。来週も使う",IF(D14>=0.2,"○ まずまず","△ 1行目か場面を見直す"))) -> データ不足（3本以上で判定）
A15: ③小さな数字 | B15: =COUNTIF(記録!$F$6:$F$205,A15) -> 0 | C15: =COUNTIFS(記録!$F$6:$F$205,A15,記録!$P$6:$P$205,"○") -> 0 | D15: =IF(B15=0,"",C15/B15) | E15: =IFERROR(AVERAGEIFS(記録!$I$6:$I$205,記録!$F$6:$F$205,A15),"") | F15: =IFERROR(AVERAGEIFS(記録!$K$6:$K$205,記録!$F$6:$F$205,A15),"") | G15: =IFERROR(AVERAGEIFS(記録!$L$6:$L$205,記録!$F$6:$F$205,A15),"") | H15: =IFERROR(AVERAGEIFS(記録!$O$6:$O$205,記録!$F$6:$F$205,A15),"") | I15: =IF(B15<3,"データ不足（3本以上で判定）",IF(D15>=0.4,"◎ 効いている。来週も使う",IF(D15>=0.2,"○ まずまず","△ 1行目か場面を見直す"))) -> データ不足（3本以上で判定）
A16: ④意外な否定 | B16: =COUNTIF(記録!$F$6:$F$205,A16) -> 0 | C16: =COUNTIFS(記録!$F$6:$F$205,A16,記録!$P$6:$P$205,"○") -> 0 | D16: =IF(B16=0,"",C16/B16) | E16: =IFERROR(AVERAGEIFS(記録!$I$6:$I$205,記録!$F$6:$F$205,A16),"") | F16: =IFERROR(AVERAGEIFS(記録!$K$6:$K$205,記録!$F$6:$F$205,A16),"") | G16: =IFERROR(AVERAGEIFS(記録!$L$6:$L$205,記録!$F$6:$F$205,A16),"") | H16: =IFERROR(AVERAGEIFS(記録!$O$6:$O$205,記録!$F$6:$F$205,A16),"") | I16: =IF(B16<3,"データ不足（3本以上で判定）",IF(D16>=0.4,"◎ 効いている。来週も使う",IF(D16>=0.2,"○ まずまず","△ 1行目か場面を見直す"))) -> データ不足（3本以上で判定）
A17: ⑤問いかけ | B17: =COUNTIF(記録!$F$6:$F$205,A17) -> 0 | C17: =COUNTIFS(記録!$F$6:$F$205,A17,記録!$P$6:$P$205,"○") -> 0 | D17: =IF(B17=0,"",C17/B17) | E17: =IFERROR(AVERAGEIFS(記録!$I$6:$I$205,記録!$F$6:$F$205,A17),"") | F17: =IFERROR(AVERAGEIFS(記録!$K$6:$K$205,記録!$F$6:$F$205,A17),"") | G17: =IFERROR(AVERAGEIFS(記録!$L$6:$L$205,記録!$F$6:$F$205,A17),"") | H17: =IFERROR(AVERAGEIFS(記録!$O$6:$O$205,記録!$F$6:$F$205,A17),"") | I17: =IF(B17<3,"データ不足（3本以上で判定）",IF(D17>=0.4,"◎ 効いている。来週も使う",IF(D17>=0.2,"○ まずまず","△ 1行目か場面を見直す"))) -> データ不足（3本以上で判定）
A19: リンク | B19: 投稿数 | C19: クリック合計 | D19: 1本あたりクリック | E19: アタリ数
A20: リンクあり | B20: =COUNTIF(記録!$M$6:$M$205,"はい") -> 0 | C20: =SUMIF(記録!$M$6:$M$205,"はい",記録!$N$6:$N$205) -> 0 | D20: =IF(B20=0,"",C20/B20) | E20: =COUNTIFS(記録!$M$6:$M$205,"はい",記録!$P$6:$P$205,"○") -> 0
A21: リンクなし | B21: =COUNTIF(記録!$M$6:$M$205,"いいえ") -> 0 | C21: =SUMIF(記録!$M$6:$M$205,"いいえ",記録!$N$6:$N$205) -> 0 | D21: =IF(B21=0,"",C21/B21) | E21: =COUNTIFS(記録!$M$6:$M$205,"いいえ",記録!$P$6:$P$205,"○") -> 0
A23: ■ 判定の目安（仮の基準です）
A24: ・アタリ率40%以上＝◎／20%以上＝○／それ未満＝△。3本未満は判定しません
A25: ・△の型は、やめる前に「1行目」と「場面（いつ・どこで）」を見直してから、もう1週試しましょう

Sheet 週次ふりかえり
A1: 週次ふりかえり（13週＝約90日）
A2: 左側は自動集計。右側の黄色に「続ける／やめる／試す」を1つずつ書きます
A4: 週 | B4: 開始日 | C4: 終了日 | D4: 投稿数 | E4: アタリ数 | F4: 保存合計 | G4: コメント合計 | H4: クリック合計 | I4: 今週のベスト投稿（保存最多） | J4: 続けること | K4: やめること | L4: 試すこと
A5: 1 | B5: =設定!$B$6+(A5-1)*7 -> 46300 | C5: =B5+6 -> 46306 | D5: =COUNTIF(記録!$D$6:$D$205,A5) -> 0 | E5: =COUNTIFS(記録!$D$6:$D$205,A5,記録!$P$6:$P$205,"○") -> 0 | F5: =SUMIF(記録!$D$6:$D$205,A5,記録!$K$6:$K$205) -> 0 | G5: =SUMIF(記録!$D$6:$D$205,A5,記録!$L$6:$L$205) -> 0 | H5: =SUMIF(記録!$D$6:$D$205,A5,記録!$N$6:$N$205) -> 0 | I5: =IF(D5=0,"",IFERROR(INDEX(記録!$H$6:$H$205,MATCH(A5&"-"&_xlfn.MAXIFS(記録!$K$6:$K$205,記録!$D$6:$D$205,A5),記録!$R$6:$R$205,0)),""))
A6: 2 | B6: =設定!$B$6+(A6-1)*7 -> 46307 | C6: =B6+6 -> 46313 | D6: =COUNTIF(記録!$D$6:$D$205,A6) -> 0 | E6: =COUNTIFS(記録!$D$6:$D$205,A6,記録!$P$6:$P$205,"○") -> 0 | F6: =SUMIF(記録!$D$6:$D$205,A6,記録!$K$6:$K$205) -> 0 | G6: =SUMIF(記録!$D$6:$D$205,A6,記録!$L$6:$L$205) -> 0 | H6: =SUMIF(記録!$D$6:$D$205,A6,記録!$N$6:$N$205) -> 0 | I6: =IF(D6=0,"",IFERROR(INDEX(記録!$H$6:$H$205,MATCH(A6&"-"&_xlfn.MAXIFS(記録!$K$6:$K$205,記録!$D$6:$D$205,A6),記録!$R$6:$R$205,0)),""))
A7: 3 | B7: =設定!$B$6+(A7-1)*7 -> 46314 | C7: =B7+6 -> 46320 | D7: =COUNTIF(記録!$D$6:$D$205,A7) -> 0 | E7: =COUNTIFS(記録!$D$6:$D$205,A7,記録!$P$6:$P$205,"○") -> 0 | F7: =SUMIF(記録!$D$6:$D$205,A7,記録!$K$6:$K$205) -> 0 | G7: =SUMIF(記録!$D$6:$D$205,A7,記録!$L$6:$L$205) -> 0 | H7: =SUMIF(記録!$D$6:$D$205,A7,記録!$N$6:$N$205) -> 0 | I7: =IF(D7=0,"",IFERROR(INDEX(記録!$H$6:$H$205,MATCH(A7&"-"&_xlfn.MAXIFS(記録!$K$6:$K$205,記録!$D$6:$D$205,A7),記録!$R$6:$R$205,0)),""))
A8: 4 | B8: =設定!$B$6+(A8-1)*7 -> 46321 | C8: =B8+6 -> 46327 | D8: =COUNTIF(記録!$D$6:$D$205,A8) -> 0 | E8: =COUNTIFS(記録!$D$6:$D$205,A8,記録!$P$6:$P$205,"○") -> 0 | F8: =SUMIF(記録!$D$6:$D$205,A8,記録!$K$6:$K$205) -> 0 | G8: =SUMIF(記録!$D$6:$D$205,A8,記録!$L$6:$L$205) -> 0 | H8: =SUMIF(記録!$D$6:$D$205,A8,記録!$N$6:$N$205) -> 0 | I8: =IF(D8=0,"",IFERROR(INDEX(記録!$H$6:$H$205,MATCH(A8&"-"&_xlfn.MAXIFS(記録!$K$6:$K$205,記録!$D$6:$D$205,A8),記録!$R$6:$R$205,0)),""))
A9: 5 | B9: =設定!$B$6+(A9-1)*7 -> 46328 | C9: =B9+6 -> 46334 | D9: =COUNTIF(記録!$D$6:$D$205,A9) -> 0 | E9: =COUNTIFS(記録!$D$6:$D$205,A9,記録!$P$6:$P$205,"○") -> 0 | F9: =SUMIF(記録!$D$6:$D$205,A9,記録!$K$6:$K$205) -> 0 | G9: =SUMIF(記録!$D$6:$D$205,A9,記録!$L$6:$L$205) -> 0 | H9: =SUMIF(記録!$D$6:$D$205,A9,記録!$N$6:$N$205) -> 0 | I9: =IF(D9=0,"",IFERROR(INDEX(記録!$H$6:$H$205,MATCH(A9&"-"&_xlfn.MAXIFS(記録!$K$6:$K$205,記録!$D$6:$D$205,A9),記録!$R$6:$R$205,0)),""))
A10: 6 | B10: =設定!$B$6+(A10-1)*7 -> 46335 | C10: =B10+6 -> 46341 | D10: =COUNTIF(記録!$D$6:$D$205,A10) -> 0 | E10: =COUNTIFS(記録!$D$6:$D$205,A10,記録!$P$6:$P$205,"○") -> 0 | F10: =SUMIF(記録!$D$6:$D$205,A10,記録!$K$6:$K$205) -> 0 | G10: =SUMIF(記録!$D$6:$D$205,A10,記録!$L$6:$L$205) -> 0 | H10: =SUMIF(記録!$D$6:$D$205,A10,記録!$N$6:$N$205) -> 0 | I10: =IF(D10=0,"",IFERROR(INDEX(記録!$H$6:$H$205,MATCH(A10&"-"&_xlfn.MAXIFS(記録!$K$6:$K$205,記録!$D$6:$D$205,A10),記録!$R$6:$R$205,0)),""))
A11: 7 | B11: =設定!$B$6+(A11-1)*7 -> 46342 | C11: =B11+6 -> 46348 | D11: =COUNTIF(記録!$D$6:$D$205,A11) -> 0 | E11: =COUNTIFS(記録!$D$6:$D$205,A11,記録!$P$6:$P$205,"○") -> 0 | F11: =SUMIF(記録!$D$6:$D$205,A11,記録!$K$6:$K$205) -> 0 | G11: =SUMIF(記録!$D$6:$D$205,A11,記録!$L$6:$L$205) -> 0 | H11: =SUMIF(記録!$D$6:$D$205,A11,記録!$N$6:$N$205) -> 0 | I11: =IF(D11=0,"",IFERROR(INDEX(記録!$H$6:$H$205,MATCH(A11&"-"&_xlfn.MAXIFS(記録!$K$6:$K$205,記録!$D$6:$D$205,A11),記録!$R$6:$R$205,0)),""))
A12: 8 | B12: =設定!$B$6+(A12-1)*7 -> 46349 | C12: =B12+6 -> 46355 | D12: =COUNTIF(記録!$D$6:$D$205,A12) -> 0 | E12: =COUNTIFS(記録!$D$6:$D$205,A12,記録!$P$6:$P$205,"○") -> 0 | F12: =SUMIF(記録!$D$6:$D$205,A12,記録!$K$6:$K$205) -> 0 | G12: =SUMIF(記録!$D$6:$D$205,A12,記録!$L$6:$L$205) -> 0 | H12: =SUMIF(記録!$D$6:$D$205,A12,記録!$N$6:$N$205) -> 0 | I12: =IF(D12=0,"",IFERROR(INDEX(記録!$H$6:$H$205,MATCH(A12&"-"&_xlfn.MAXIFS(記録!$K$6:$K$205,記録!$D$6:$D$205,A12),記録!$R$6:$R$205,0)),""))
A13: 9 | B13: =設定!$B$6+(A13-1)*7 -> 46356 | C13: =B13+6 -> 46362 | D13: =COUNTIF(記録!$D$6:$D$205,A13) -> 0 | E13: =COUNTIFS(記録!$D$6:$D$205,A13,記録!$P$6:$P$205,"○") -> 0 | F13: =SUMIF(記録!$D$6:$D$205,A13,記録!$K$6:$K$205) -> 0 | G13: =SUMIF(記録!$D$6:$D$205,A13,記録!$L$6:$L$205) -> 0 | H13: =SUMIF(記録!$D$6:$D$205,A13,記録!$N$6:$N$205) -> 0 | I13: =IF(D13=0,"",IFERROR(INDEX(記録!$H$6:$H$205,MATCH(A13&"-"&_xlfn.MAXIFS(記録!$K$6:$K$205,記録!$D$6:$D$205,A13),記録!$R$6:$R$205,0)),""))
A14: 10 | B14: =設定!$B$6+(A14-1)*7 -> 46363 | C14: =B14+6 -> 46369 | D14: =COUNTIF(記録!$D$6:$D$205,A14) -> 0 | E14: =COUNTIFS(記録!$D$6:$D$205,A14,記録!$P$6:$P$205,"○") -> 0 | F14: =SUMIF(記録!$D$6:$D$205,A14,記録!$K$6:$K$205) -> 0 | G14: =SUMIF(記録!$D$6:$D$205,A14,記録!$L$6:$L$205) -> 0 | H14: =SUMIF(記録!$D$6:$D$205,A14,記録!$N$6:$N$205) -> 0 | I14: =IF(D14=0,"",IFERROR(INDEX(記録!$H$6:$H$205,MATCH(A14&"-"&_xlfn.MAXIFS(記録!$K$6:$K$205,記録!$D$6:$D$205,A14),記録!$R$6:$R$205,0)),""))
A15: 11 | B15: =設定!$B$6+(A15-1)*7 -> 46370 | C15: =B15+6 -> 46376 | D15: =COUNTIF(記録!$D$6:$D$205,A15) -> 0 | E15: =COUNTIFS(記録!$D$6:$D$205,A15,記録!$P$6:$P$205,"○") -> 0 | F15: =SUMIF(記録!$D$6:$D$205,A15,記録!$K$6:$K$205) -> 0 | G15: =SUMIF(記録!$D$6:$D$205,A15,記録!$L$6:$L$205) -> 0 | H15: =SUMIF(記録!$D$6:$D$205,A15,記録!$N$6:$N$205) -> 0 | I15: =IF(D15=0,"",IFERROR(INDEX(記録!$H$6:$H$205,MATCH(A15&"-"&_xlfn.MAXIFS(記録!$K$6:$K$205,記録!$D$6:$D$205,A15),記録!$R$6:$R$205,0)),""))
A16: 12 | B16: =設定!$B$6+(A16-1)*7 -> 46377 | C16: =B16+6 -> 46383 | D16: =COUNTIF(記録!$D$6:$D$205,A16) -> 0 | E16: =COUNTIFS(記録!$D$6:$D$205,A16,記録!$P$6:$P$205,"○") -> 0 | F16: =SUMIF(記録!$D$6:$D$205,A16,記録!$K$6:$K$205) -> 0 | G16: =SUMIF(記録!$D$6:$D$205,A16,記録!$L$6:$L$205) -> 0 | H16: =SUMIF(記録!$D$6:$D$205,A16,記録!$N$6:$N$205) -> 0 | I16: =IF(D16=0,"",IFERROR(INDEX(記録!$H$6:$H$205,MATCH(A16&"-"&_xlfn.MAXIFS(記録!$K$6:$K$205,記録!$D$6:$D$205,A16),記録!$R$6:$R$205,0)),""))
A17: 13 | B17: =設定!$B$6+(A17-1)*7 -> 46384 | C17: =B17+6 -> 46390 | D17: =COUNTIF(記録!$D$6:$D$205,A17) -> 0 | E17: =COUNTIFS(記録!$D$6:$D$205,A17,記録!$P$6:$P$205,"○") -> 0 | F17: =SUMIF(記録!$D$6:$D$205,A17,記録!$K$6:$K$205) -> 0 | G17: =SUMIF(記録!$D$6:$D$205,A17,記録!$L$6:$L$205) -> 0 | H17: =SUMIF(記録!$D$6:$D$205,A17,記録!$N$6:$N$205) -> 0 | I17: =IF(D17=0,"",IFERROR(INDEX(記録!$H$6:$H$205,MATCH(A17&"-"&_xlfn.MAXIFS(記録!$K$6:$K$205,記録!$D$6:$D$205,A17),記録!$R$6:$R$205,0)),""))
A19: 合計 | D19: =SUM(D5:D17) -> 0 | E19: =SUM(E5:E17) -> 0 | F19: =SUM(F5:F17) -> 0 | G19: =SUM(G5:G17) -> 0 | H19: =SUM(H5:H17) -> 0

Sheet 魚拓
A1: 魚拓（note化のサイン）
A2: 同じテーマのアタリが目標数（初期値5本）たまったら、noteを作るタイミングです（本編 第6章）
A4: テーマ（記録シートと同じ言葉で） | B4: 投稿数 | C4: アタリ数（魚拓） | D4: 目標まで | E4: 「もっと知りたい」コメントあった？ | F4: 別の型でもアタリ？ | G4: サイン | H4: 次の一手
A5: 平日の夕飯 | B5: =IF(A5="","",COUNTIF(記録!$G$6:$G$205,A5)) -> 0 | C5: =IF(A5="","",COUNTIFS(記録!$G$6:$G$205,A5,記録!$P$6:$P$205,"○")) -> 0 | D5: =IF(A5="","",MAX(0,設定!$B$10-C5)) -> 5 | G5: =IF(A5="","",(C5>=設定!$B$10)+(E5="はい")+(F5="はい")) -> 0 | H5: =IF(A5="","",IF(G5>=2,"note化のサイン！構成づくりへ（特典① 応用H）",IF(C5>=3,"ミニnote（数百円）も検討できる","アタリを育てて魚拓を増やす"))) -> アタリを育てて魚拓を増やす
B6: =IF(A6="","",COUNTIF(記録!$G$6:$G$205,A6)) | C6: =IF(A6="","",COUNTIFS(記録!$G$6:$G$205,A6,記録!$P$6:$P$205,"○")) | D6: =IF(A6="","",MAX(0,設定!$B$10-C6)) | G6: =IF(A6="","",(C6>=設定!$B$10)+(E6="はい")+(F6="はい")) | H6: =IF(A6="","",IF(G6>=2,"note化のサイン！構成づくりへ（特典① 応用H）",IF(C6>=3,"ミニnote（数百円）も検討できる","アタリを育てて魚拓を増やす")))
B7: =IF(A7="","",COUNTIF(記録!$G$6:$G$205,A7)) | C7: =IF(A7="","",COUNTIFS(記録!$G$6:$G$205,A7,記録!$P$6:$P$205,"○")) | D7: =IF(A7="","",MAX(0,設定!$B$10-C7)) | G7: =IF(A7="","",(C7>=設定!$B$10)+(E7="はい")+(F7="はい")) | H7: =IF(A7="","",IF(G7>=2,"note化のサイン！構成づくりへ（特典① 応用H）",IF(C7>=3,"ミニnote（数百円）も検討できる","アタリを育てて魚拓を増やす")))
B8: =IF(A8="","",COUNTIF(記録!$G$6:$G$205,A8)) | C8: =IF(A8="","",COUNTIFS(記録!$G$6:$G$205,A8,記録!$P$6:$P$205,"○")) | D8: =IF(A8="","",MAX(0,設定!$B$10-C8)) | G8: =IF(A8="","",(C8>=設定!$B$10)+(E8="はい")+(F8="はい")) | H8: =IF(A8="","",IF(G8>=2,"note化のサイン！構成づくりへ（特典① 応用H）",IF(C8>=3,"ミニnote（数百円）も検討できる","アタリを育てて魚拓を増やす")))
B9: =IF(A9="","",COUNTIF(記録!$G$6:$G$205,A9)) | C9: =IF(A9="","",COUNTIFS(記録!$G$6:$G$205,A9,記録!$P$6:$P$205,"○")) | D9: =IF(A9="","",MAX(0,設定!$B$10-C9)) | G9: =IF(A9="","",(C9>=設定!$B$10)+(E9="はい")+(F9="はい")) | H9: =IF(A9="","",IF(G9>=2,"note化のサイン！構成づくりへ（特典① 応用H）",IF(C9>=3,"ミニnote（数百円）も検討できる","アタリを育てて魚拓を増やす")))
B10: =IF(A10="","",COUNTIF(記録!$G$6:$G$205,A10)) | C10: =IF(A10="","",COUNTIFS(記録!$G$6:$G$205,A10,記録!$P$6:$P$205,"○")) | D10: =IF(A10="","",MAX(0,設定!$B$10-C10)) | G10: =IF(A10="","",(C10>=設定!$B$10)+(E10="はい")+(F10="はい")) | H10: =IF(A10="","",IF(G10>=2,"note化のサイン！構成づくりへ（特典① 応用H）",IF(C10>=3,"ミニnote（数百円）も検討できる","アタリを育てて魚拓を増やす")))
B11: =IF(A11="","",COUNTIF(記録!$G$6:$G$205,A11)) | C11: =IF(A11="","",COUNTIFS(記録!$G$6:$G$205,A11,記録!$P$6:$P$205,"○")) | D11: =IF(A11="","",MAX(0,設定!$B$10-C11)) | G11: =IF(A11="","",(C11>=設定!$B$10)+(E11="はい")+(F11="はい")) | H11: =IF(A11="","",IF(G11>=2,"note化のサイン！構成づくりへ（特典① 応用H）",IF(C11>=3,"ミニnote（数百円）も検討できる","アタリを育てて魚拓を増やす")))
B12: =IF(A12="","",COUNTIF(記録!$G$6:$G$205,A12)) | C12: =IF(A12="","",COUNTIFS(記録!$G$6:$G$205,A12,記録!$P$6:$P$205,"○")) | D12: =IF(A12="","",MAX(0,設定!$B$10-C12)) | G12: =IF(A12="","",(C12>=設定!$B$10)+(E12="はい")+(F12="はい")) | H12: =IF(A12="","",IF(G12>=2,"note化のサイン！構成づくりへ（特典① 応用H）",IF(C12>=3,"ミニnote（数百円）も検討できる","アタリを育てて魚拓を増やす")))
B13: =IF(A13="","",COUNTIF(記録!$G$6:$G$205,A13)) | C13: =IF(A13="","",COUNTIFS(記録!$G$6:$G$205,A13,記録!$P$6:$P$205,"○")) | D13: =IF(A13="","",MAX(0,設定!$B$10-C13)) | G13: =IF(A13="","",(C13>=設定!$B$10)+(E13="はい")+(F13="はい")) | H13: =IF(A13="","",IF(G13>=2,"note化のサイン！構成づくりへ（特典① 応用H）",IF(C13>=3,"ミニnote（数百円）も検討できる","アタリを育てて魚拓を増やす")))
B14: =IF(A14="","",COUNTIF(記録!$G$6:$G$205,A14)) | C14: =IF(A14="","",COUNTIFS(記録!$G$6:$G$205,A14,記録!$P$6:$P$205,"○")) | D14: =IF(A14="","",MAX(0,設定!$B$10-C14)) | G14: =IF(A14="","",(C14>=設定!$B$10)+(E14="はい")+(F14="はい")) | H14: =IF(A14="","",IF(G14>=2,"note化のサイン！構成づくりへ（特典① 応用H）",IF(C14>=3,"ミニnote（数百円）も検討できる","アタリを育てて魚拓を増やす")))
B15: =IF(A15="","",COUNTIF(記録!$G$6:$G$205,A15)) | C15: =IF(A15="","",COUNTIFS(記録!$G$6:$G$205,A15,記録!$P$6:$P$205,"○")) | D15: =IF(A15="","",MAX(0,設定!$B$10-C15)) | G15: =IF(A15="","",(C15>=設定!$B$10)+(E15="はい")+(F15="はい")) | H15: =IF(A15="","",IF(G15>=2,"note化のサイン！構成づくりへ（特典① 応用H）",IF(C15>=3,"ミニnote（数百円）も検討できる","アタリを育てて魚拓を増やす")))
B16: =IF(A16="","",COUNTIF(記録!$G$6:$G$205,A16)) | C16: =IF(A16="","",COUNTIFS(記録!$G$6:$G$205,A16,記録!$P$6:$P$205,"○")) | D16: =IF(A16="","",MAX(0,設定!$B$10-C16)) | G16: =IF(A16="","",(C16>=設定!$B$10)+(E16="はい")+(F16="はい")) | H16: =IF(A16="","",IF(G16>=2,"note化のサイン！構成づくりへ（特典① 応用H）",IF(C16>=3,"ミニnote（数百円）も検討できる","アタリを育てて魚拓を増やす")))
B17: =IF(A17="","",COUNTIF(記録!$G$6:$G$205,A17)) | C17: =IF(A17="","",COUNTIFS(記録!$G$6:$G$205,A17,記録!$P$6:$P$205,"○")) | D17: =IF(A17="","",MAX(0,設定!$B$10-C17)) | G17: =IF(A17="","",(C17>=設定!$B$10)+(E17="はい")+(F17="はい")) | H17: =IF(A17="","",IF(G17>=2,"note化のサイン！構成づくりへ（特典① 応用H）",IF(C17>=3,"ミニnote（数百円）も検討できる","アタリを育てて魚拓を増やす")))
... B19: =IF(A19="","",COUNTIF(記録!$G$6:$G$205,A19)) | C19: =IF(A19="","",COUNTIFS(記録!$G$6:$G$205,A19,記録!$P$6:$P$205,"○")) | D19: =IF(A19="","",MAX(0,設定!$B$10-C19)) | G19: =IF(A19="","",(C19>=設定!$B$10)+(E19="はい")+(F19="はい")) | H19: =IF(A19="","",IF(G19>=2,"note化のサイン！構成づくりへ（特典① 応用H）",IF(C19>=3,"ミニnote（数百円）も検討できる","アタリを育てて魚拓を増やす")))
A21: サイン＝「魚拓が目標数」「もっと知りたいコメント」「別の型でもアタリ」の3つのうち、当てはまる数。2つ以上でnote化のサインです
