Workbook

Sheet 使い方
A1: 特典⑤ 90日航海図チェックリスト
A2: 迷ったら、このファイルに戻ってくる。今日やることは1つだけ。
A4: ■ 使い方（最初に1回だけ）
A5: 1. 「航海図」シートのC3（黄色）に、あなたの出航日（Day1にする日）を入れる
A6: 2. 90日分の日付が自動で入ります。今日の行はオレンジ色に光ります
A7: 3. 「進捗」シートを開くと、今日が何日目か・今日のタスク・海域ごとの達成率がわかります
A9: ■ 毎日やること
A10: ・航海図の今日の行を見て、タスクを1つやる → 「完了」列で ✓ を選ぶ
A11: ・できなかった日は空欄のままでOK。翌日に取り返そうとしない（15分の枠を守る）
A13: ■ 90日の3つの海域
A14: ・Day1〜30 出航：習慣を作る。最初の14日はリンクを貼らず、保存される投稿だけに集中
A15: ・Day31〜60 漁場探し：アタリの投稿にだけリンクを置き始める。効く型と1行目を見つける
... A27: ※収益の金額は人によって大きく異なり、このチェックリストは成果を保証するものではありません

Sheet 進捗
A1: 進捗
A2: すべて自動計算です
A4: 項目 | B4: 値
A5: 今日の日付 | B5: =TODAY() -> 46299
A6: 今日は何日目？ | B6: =IF(B5<航海図!C3,"出航前（あと"&(航海図!C3-B5)&"日）",IF(B5-航海図!C3+1>90,"航海終了！お疲れさまでした","Day"&(B5-航海図!C3+1))) -> 出航前（あと1日）
A7: 今日のタスク | B7: =IF(B5<航海図!C3,"出航前：本編を読み、Day1の準備（釣り場の1行）を考えておく",IF(B5-航海図!C3+1>90,"次の90日の釣り場を決めましょう",INDEX(航海図!F6:F95,B5-航海図!C3+1))) -> 出航前：本編を読み、Day1の準備（釣り場の1行）を考えておく
A8: 全体の達成率 | B8: =COUNTIF(航海図!H6:H95,"✓")/90 -> 0
A9: 出航（Day1〜30） | B9: =COUNTIF(航海図!H6:H35,"✓")/30 -> 0
A10: 漁場探し（Day31〜60） | B10: =COUNTIF(航海図!H36:H65,"✓")/30 -> 0
A11: 水揚げ（Day61〜90） | B11: =COUNTIF(航海図!H66:H95,"✓")/30 -> 0
A12: 連続していなくても大丈夫 | B12: ="できた日："&COUNTIF(航海図!H6:H95,"✓")&"日" -> できた日：0日

Sheet 航海図
A1: 90日航海図
A2: 黄色＝入力（出航日・完了・メモ）／オレンジ＝今日
A3: 出航日（Day1） | C3: =DATE(2026,10,5) -> 46300 | E3: ↑ここを自分の出航日に書き換えてください
A5: Day | B5: 日付 | C5: 曜日 | D5: 海域 | E5: 区分 | F5: 今日のタスク | G5: 目安 | H5: 完了 | I5: メモ
A6: 1 | B6: =$C$3+A6-1 -> 46300 | C6: =CHOOSE(WEEKDAY(B6),"日","月","火","水","木","金","土") -> 月 | D6: 出航（習慣を作る） | E6: 準備 | F6: 釣り場の1行を決める（本編 第2章のワーク：去年の自分の困りごと10個→丸と星→宣言文） | G6: 20分
A7: 2 | B7: =$C$3+A7-1 -> 46301 | C7: =CHOOSE(WEEKDAY(B7),"日","月","火","水","木","金","土") -> 火 | D7: 出航（習慣を作る） | E7: 準備 | F7: エサ箱メモを作る＋3行プロフィールを整える（#PR表記も）／今日からメモを1日3つ | G7: 20分
A8: 3 | B8: =$C$3+A8-1 -> 46302 | C8: =CHOOSE(WEEKDAY(B8),"日","月","火","水","木","金","土") -> 水 | D8: 出航（習慣を作る） | E8: 準備 | F8: 楽天アフィリエイトに登録→リンクを1つ作ってみる／楽天ROOMを開設してプロフィールにリンク | G8: 20分
A9: 4 | B9: =$C$3+A9-1 -> 46303 | C9: =CHOOSE(WEEKDAY(B9),"日","月","火","水","木","金","土") -> 木 | D9: 出航（習慣を作る） | E9: 投稿 | F9: 初投稿！型1で1本（特典②）→プロンプト②編集→③検品→体験を1行足して予約。リンクは貼らない | G9: 15分
A10: 5 | B10: =$C$3+A10-1 -> 46304 | C10: =CHOOSE(WEEKDAY(B10),"日","月","火","水","木","金","土") -> 金 | D10: 出航（習慣を作る） | E10: 投稿 | F10: 今日の1本：型5 問いかけ型で投稿。リンクは貼らない（保存される投稿づくりに集中） | G10: 15分
A11: 6 | B11: =$C$3+A11-1 -> 46305 | C11: =CHOOSE(WEEKDAY(B11),"日","月","火","水","木","金","土") -> 土 | D11: 出航（習慣を作る） | E11: 休み | F11: 休みの日（エサ拾いだけ）：エサ箱にメモを3つ。投稿は休んでOK | G11: 1分
A12: 7 | B12: =$C$3+A12-1 -> 46306 | C12: =CHOOSE(WEEKDAY(B12),"日","月","火","水","木","金","土") -> 日 | D12: 出航（習慣を作る） | E12: 週末 | F12: 最初の週末30分：エサ箱を見返す→プロンプト①壁打ちで来週5本の種→釣果ノートに3本記録 | G12: 30分
A13: 8 | B13: =$C$3+A13-1 -> 46307 | C13: =CHOOSE(WEEKDAY(B13),"日","月","火","水","木","金","土") -> 月 | D13: 出航（習慣を作る） | E13: 投稿 | F13: 今日の1本：型1 場面→工夫型で投稿。リンクは貼らない（保存される投稿づくりに集中） | G13: 15分
A14: 9 | B14: =$C$3+A14-1 -> 46308 | C14: =CHOOSE(WEEKDAY(B14),"日","月","火","水","木","金","土") -> 火 | D14: 出航（習慣を作る） | E14: 投稿 | F14: 今日の1本：型2 ビフォーアフター型で投稿。リンクは貼らない（保存される投稿づくりに集中） | G14: 15分
A15: 10 | B15: =$C$3+A15-1 -> 46309 | C15: =CHOOSE(WEEKDAY(B15),"日","月","火","水","木","金","土") -> 水 | D15: 出航（習慣を作る） | E15: 投稿 | F15: 今日の1本：型3 失敗談型で投稿。リンクは貼らない（保存される投稿づくりに集中） | G15: 15分
A16: 11 | B16: =$C$3+A16-1 -> 46310 | C16: =CHOOSE(WEEKDAY(B16),"日","月","火","水","木","金","土") -> 木 | D16: 出航（習慣を作る） | E16: 点検 | F16: 「AIの初期設定プロンプト」を新しいチャットで作り直す（AIがルールを忘れていないか確認） ＋ 今日の1本（型4 比べてみた型） | G16: 5分＋15分
A17: 12 | B17: =$C$3+A17-1 -> 46311 | C17: =CHOOSE(WEEKDAY(B17),"日","月","火","水","木","金","土") -> 金 | D17: 出航（習慣を作る） | E17: 投稿 | F17: 今日の1本：型5 問いかけ型で投稿。リンクは貼らない（保存される投稿づくりに集中） | G17: 15分
... A95: 90 | B95: =$C$3+A95-1 -> 46389 | C95: =CHOOSE(WEEKDAY(B95),"日","月","火","水","木","金","土") -> 土 | D95: 水揚げ（釣果を形にする） | E95: 点検 | F95: 90日の水揚げ点検：釣果ノートを見返し、次の90日の釣り場と目標を決める。ここまで続けた自分に拍手 | G95: 30分

Sheet マイルストーン
A1: マイルストーン
A2: 大きな節目だけのチェックリスト。目標日は出航日から自動計算
A4: No | B4: 節目 | C4: 目標Day | D4: 目標日 | E4: 達成 | F4: 達成日（入力）
A5: 1 | B5: 釣り場の1行が決まった | C5: 1 | D5: =航海図!$C$3+C5-1 -> 46300
A6: 2 | B6: エサ箱メモを作り、メモが10個たまった | C6: 4 | D6: =航海図!$C$3+C6-1 -> 46303
A7: 3 | B7: 3行プロフィールと#PR表記を整えた | C7: 2 | D7: =航海図!$C$3+C7-1 -> 46301
A8: 4 | B8: 楽天アフィリエイト登録・楽天ROOM開設 | C8: 3 | D8: =航海図!$C$3+C8-1 -> 46302
A9: 5 | B9: 初投稿を出した | C9: 4 | D9: =航海図!$C$3+C9-1 -> 46303
A10: 6 | B10: 7日連続で投稿した（休みの日を除く） | C10: 11 | D10: =航海図!$C$3+C10-1 -> 46310
A11: 7 | B11: 初めてのアタリ（○）が出た | C11: 21 | D11: =航海図!$C$3+C11-1 -> 46320
A12: 8 | B12: 7日育成カレンダーを1本分やりきった | C12: 21 | D12: =航海図!$C$3+C12-1 -> 46320
A13: 9 | B13: 初めてコメント欄にリンクを置いた | C13: 31 | D13: =航海図!$C$3+C13-1 -> 46330
A14: 10 | B14: 初めてリンクがクリックされた | C14: 45 | D14: =航海図!$C$3+C14-1 -> 46344
A15: 11 | B15: 楽天アフィリエイトの初報酬 | C15: 60 | D15: =航海図!$C$3+C15-1 -> 46359
A16: 12 | B16: 効く型を2つ特定した | C16: 60 | D16: =航海図!$C$3+C16-1 -> 46359
... A21: 17 | B21: 90日の点検をして次の釣り場を決めた | C21: 90 | D21: =航海図!$C$3+C21-1 -> 46389
B23: ※目標日はあくまで目安です。遅れても航海は続きます。量産しない、1本で釣る。
