Workbook

Sheet シフト表
A1: 2026年6月 シフト表
A2: No | B2: 氏名 | C2: 1 (月) | D2: 2 (火) | E2: 3 (水) | F2: 4 (木) | G2: 5 (金) | H2: 6 (土) | I2: 7 (日) | J2: 8 (月) | K2: 9 (火) | L2: 10 (水) | M2: 11 (木) | N2: 12 (金) | O2: 13 (土) | P2: 14 (日) | Q2: 15 (月) | R2: 16 (火) | S2: 17 (水) | T2: 18 (木) | U2: 19 (金) | V2: 20 (土) | W2: 21 (日) | X2: 22 (月) | Y2: 23 (火) | Z2: 24 (水) | AA2: 25 (木) | AB2: 26 (金) | AC2: 27 (土) | AD2: 28 (日) | AE2: 29 (月) | AF2: 30 (火) | AG2: 早番 合計 | AH2: 遅番 合計 | AI2: 出勤 日数
A3: 1 | B3: 田中 | C3: 日 | D3: 日 | E3: 日 | F3: 日 | G3: 日 | H3: 休 | I3: 休 | J3: 日 | K3: 日 | L3: 日 | M3: 日 | N3: 日 | O3: 休 | P3: 休 | Q3: 日 | R3: 日 | S3: 日 | T3: 日 | U3: 日 | V3: 休 | W3: 休 | X3: 日 | Y3: 日 | Z3: 日 | AA3: 日 | AB3: 日 | AC3: 休 | AD3: 休 | AE3: 日 | AF3: 日 | AG3: =COUNTIF(C3:AF3,"早") -> 0 | AH3: =COUNTIF(C3:AF3,"遅") -> 0 | AI3: =COUNTIF(C3:AF3,"早")+COUNTIF(C3:AF3,"日")+COUNTIF(C3:AF3,"遅") -> 0
A4: 2 | B4: 佐藤 | C4: 日 | D4: 日 | E4: 日 | F4: 日 | G4: 日 | H4: 休 | I4: 休 | J4: 日 | K4: 日 | L4: 日 | M4: 日 | N4: 日 | O4: 休 | P4: 休 | Q4: 日 | R4: 日 | S4: 日 | T4: 日 | U4: 日 | V4: 休 | W4: 休 | X4: 日 | Y4: 日 | Z4: 日 | AA4: 日 | AB4: 日 | AC4: 休 | AD4: 休 | AE4: 日 | AF4: 日 | AG4: =COUNTIF(C4:AF4,"早") -> 0 | AH4: =COUNTIF(C4:AF4,"遅") -> 0 | AI4: =COUNTIF(C4:AF4,"早")+COUNTIF(C4:AF4,"日")+COUNTIF(C4:AF4,"遅") -> 0
A5: 3 | B5: 鈴木 | C5: 日 | D5: 日 | E5: 日 | F5: 日 | G5: 日 | H5: 休 | I5: 休 | J5: 日 | K5: 日 | L5: 日 | M5: 日 | N5: 日 | O5: 休 | P5: 休 | Q5: 日 | R5: 日 | S5: 日 | T5: 日 | U5: 日 | V5: 休 | W5: 休 | X5: 日 | Y5: 日 | Z5: 日 | AA5: 日 | AB5: 日 | AC5: 休 | AD5: 休 | AE5: 日 | AF5: 日 | AG5: =COUNTIF(C5:AF5,"早") -> 0 | AH5: =COUNTIF(C5:AF5,"遅") -> 0 | AI5: =COUNTIF(C5:AF5,"早")+COUNTIF(C5:AF5,"日")+COUNTIF(C5:AF5,"遅") -> 0
A6: 4 | B6: 山田 | C6: 日 | D6: 日 | E6: 日 | F6: 日 | G6: 日 | H6: 休 | I6: 休 | J6: 日 | K6: 日 | L6: 日 | M6: 日 | N6: 日 | O6: 休 | P6: 休 | Q6: 日 | R6: 日 | S6: 日 | T6: 日 | U6: 日 | V6: 休 | W6: 休 | X6: 日 | Y6: 日 | Z6: 日 | AA6: 日 | AB6: 日 | AC6: 休 | AD6: 休 | AE6: 日 | AF6: 日 | AG6: =COUNTIF(C6:AF6,"早") -> 0 | AH6: =COUNTIF(C6:AF6,"遅") -> 0 | AI6: =COUNTIF(C6:AF6,"早")+COUNTIF(C6:AF6,"日")+COUNTIF(C6:AF6,"遅") -> 0
A7: 5 | B7: 伊藤 | C7: 日 | D7: 日 | E7: 日 | F7: 日 | G7: 日 | H7: 休 | I7: 休 | J7: 日 | K7: 日 | L7: 日 | M7: 日 | N7: 日 | O7: 休 | P7: 休 | Q7: 日 | R7: 日 | S7: 日 | T7: 日 | U7: 日 | V7: 休 | W7: 休 | X7: 日 | Y7: 日 | Z7: 日 | AA7: 日 | AB7: 日 | AC7: 休 | AD7: 休 | AE7: 日 | AF7: 日 | AG7: =COUNTIF(C7:AF7,"早") -> 0 | AH7: =COUNTIF(C7:AF7,"遅") -> 0 | AI7: =COUNTIF(C7:AF7,"早")+COUNTIF(C7:AF7,"日")+COUNTIF(C7:AF7,"遅") -> 0
B8: 日別出勤数 | C8: =IF(C3="早",1,IF(C3="日",1,IF(C3="遅",1,0)))+IF(C4="早",1,IF(C4="日",1,IF(C4="遅",1,0)))+IF(C5="早",1,IF(C5="日",1,IF(C5="遅",1,0)))+IF(C6="早",1,IF(C6="日",1,IF(C6="遅",1,0)))+IF(C7="早",1,IF(C7="日",1,IF(C7="遅",1,0))) -> 0 | D8: =IF(D3="早",1,IF(D3="日",1,IF(D3="遅",1,0)))+IF(D4="早",1,IF(D4="日",1,IF(D4="遅",1,0)))+IF(D5="早",1,IF(D5="日",1,IF(D5="遅",1,0)))+IF(D6="早",1,IF(D6="日",1,IF(D6="遅",1,0)))+IF(D7="早",1,IF(D7="日",1,IF(D7="遅",1,0))) -> 0 | E8: =IF(E3="早",1,IF(E3="日",1,IF(E3="遅",1,0)))+IF(E4="早",1,IF(E4="日",1,IF(E4="遅",1,0)))+IF(E5="早",1,IF(E5="日",1,IF(E5="遅",1,0)))+IF(E6="早",1,IF(E6="日",1,IF(E6="遅",1,0)))+IF(E7="早",1,IF(E7="日",1,IF(E7="遅",1,0))) -> 0 | F8: =IF(F3="早",1,IF(F3="日",1,IF(F3="遅",1,0)))+IF(F4="早",1,IF(F4="日",1,IF(F4="遅",1,0)))+IF(F5="早",1,IF(F5="日",1,IF(F5="遅",1,0)))+IF(F6="早",1,IF(F6="日",1,IF(F6="遅",1,0)))+IF(F7="早",1,IF(F7="日",1,IF(F7="遅",1,0))) -> 0 | G8: =IF(G3="早",1,IF(G3="日",1,IF(G3="遅",1,0)))+IF(G4="早",1,IF(G4="日",1,IF(G4="遅",1,0)))+IF(G5="早",1,IF(G5="日",1,IF(G5="遅",1,0)))+IF(G6="早",1,IF(G6="日",1,IF(G6="遅",1,0)))+IF(G7="早",1,IF(G7="日",1,IF(G7="遅",1,0))) -> 0 | H8: =IF(H3="早",1,IF(H3="日",1,IF(H3="遅",1,0)))+IF(H4="早",1,IF(H4="日",1,IF(H4="遅",1,0)))+IF(H5="早",1,IF(H5="日",1,IF(H5="遅",1,0)))+IF(H6="早",1,IF(H6="日",1,IF(H6="遅",1,0)))+IF(H7="早",1,IF(H7="日",1,IF(H7="遅",1,0))) -> 0 | I8: =IF(I3="早",1,IF(I3="日",1,IF(I3="遅",1,0)))+IF(I4="早",1,IF(I4="日",1,IF(I4="遅",1,0)))+IF(I5="早",1,IF(I5="日",1,IF(I5="遅",1,0)))+IF(I6="早",1,IF(I6="日",1,IF(I6="遅",1,0)))+IF(I7="早",1,IF(I7="日",1,IF(I7="遅",1,0))) -> 0 | J8: =IF(J3="早",1,IF(J3="日",1,IF(J3="遅",1,0)))+IF(J4="早",1,IF(J4="日",1,IF(J4="遅",1,0)))+IF(J5="早",1,IF(J5="日",1,IF(J5="遅",1,0)))+IF(J6="早",1,IF(J6="日",1,IF(J6="遅",1,0)))+IF(J7="早",1,IF(J7="日",1,IF(J7="遅",1,0))) -> 0 | ... AF8: =IF(AF3="早",1,IF(AF3="日",1,IF(AF3="遅",1,0)))+IF(AF4="早",1,IF(AF4="日",1,IF(AF4="遅",1,0)))+IF(AF5="早",1,IF(AF5="日",1,IF(AF5="遅",1,0)))+IF(AF6="早",1,IF(AF6="日",1,IF(AF6="遅",1,0)))+IF(AF7="早",1,IF(AF7="日",1,IF(AF7="遅",1,0))) -> 0

Sheet グラフ
A1: 2026年6月11日 〜 2026年7月10日 シフトグラフ
A2: 日付 | B2: 曜日 | C2: 出勤者数 | D2: 早番 | E2: 日勤 | F2: 遅番 | G2: 備考
A3: 6/11 | B3: 木 | C3: =シフト表!M8 -> 0 | D3: =IF(シフト表!M3="早",1,0)+IF(シフト表!M4="早",1,0)+IF(シフト表!M5="早",1,0)+IF(シフト表!M6="早",1,0)+IF(シフト表!M7="早",1,0) -> 0 | E3: =IF(シフト表!M3="日",1,0)+IF(シフト表!M4="日",1,0)+IF(シフト表!M5="日",1,0)+IF(シフト表!M6="日",1,0)+IF(シフト表!M7="日",1,0) -> 0 | F3: =IF(シフト表!M3="遅",1,0)+IF(シフト表!M4="遅",1,0)+IF(シフト表!M5="遅",1,0)+IF(シフト表!M6="遅",1,0)+IF(シフト表!M7="遅",1,0) -> 0
A4: 6/12 | B4: 金 | C4: =シフト表!N8 -> 0 | D4: =IF(シフト表!N3="早",1,0)+IF(シフト表!N4="早",1,0)+IF(シフト表!N5="早",1,0)+IF(シフト表!N6="早",1,0)+IF(シフト表!N7="早",1,0) -> 0 | E4: =IF(シフト表!N3="日",1,0)+IF(シフト表!N4="日",1,0)+IF(シフト表!N5="日",1,0)+IF(シフト表!N6="日",1,0)+IF(シフト表!N7="日",1,0) -> 0 | F4: =IF(シフト表!N3="遅",1,0)+IF(シフト表!N4="遅",1,0)+IF(シフト表!N5="遅",1,0)+IF(シフト表!N6="遅",1,0)+IF(シフト表!N7="遅",1,0) -> 0
A5: 6/13 | B5: 土 | C5: =シフト表!O8 -> 0 | D5: =IF(シフト表!O3="早",1,0)+IF(シフト表!O4="早",1,0)+IF(シフト表!O5="早",1,0)+IF(シフト表!O6="早",1,0)+IF(シフト表!O7="早",1,0) -> 0 | E5: =IF(シフト表!O3="日",1,0)+IF(シフト表!O4="日",1,0)+IF(シフト表!O5="日",1,0)+IF(シフト表!O6="日",1,0)+IF(シフト表!O7="日",1,0) -> 0 | F5: =IF(シフト表!O3="遅",1,0)+IF(シフト表!O4="遅",1,0)+IF(シフト表!O5="遅",1,0)+IF(シフト表!O6="遅",1,0)+IF(シフト表!O7="遅",1,0) -> 0
A6: 6/14 | B6: 日 | C6: =シフト表!P8 -> 0 | D6: =IF(シフト表!P3="早",1,0)+IF(シフト表!P4="早",1,0)+IF(シフト表!P5="早",1,0)+IF(シフト表!P6="早",1,0)+IF(シフト表!P7="早",1,0) -> 0 | E6: =IF(シフト表!P3="日",1,0)+IF(シフト表!P4="日",1,0)+IF(シフト表!P5="日",1,0)+IF(シフト表!P6="日",1,0)+IF(シフト表!P7="日",1,0) -> 0 | F6: =IF(シフト表!P3="遅",1,0)+IF(シフト表!P4="遅",1,0)+IF(シフト表!P5="遅",1,0)+IF(シフト表!P6="遅",1,0)+IF(シフト表!P7="遅",1,0) -> 0
A7: 6/15 | B7: 月 | C7: =シフト表!Q8 -> 0 | D7: =IF(シフト表!Q3="早",1,0)+IF(シフト表!Q4="早",1,0)+IF(シフト表!Q5="早",1,0)+IF(シフト表!Q6="早",1,0)+IF(シフト表!Q7="早",1,0) -> 0 | E7: =IF(シフト表!Q3="日",1,0)+IF(シフト表!Q4="日",1,0)+IF(シフト表!Q5="日",1,0)+IF(シフト表!Q6="日",1,0)+IF(シフト表!Q7="日",1,0) -> 0 | F7: =IF(シフト表!Q3="遅",1,0)+IF(シフト表!Q4="遅",1,0)+IF(シフト表!Q5="遅",1,0)+IF(シフト表!Q6="遅",1,0)+IF(シフト表!Q7="遅",1,0) -> 0
A8: 6/16 | B8: 火 | C8: =シフト表!R8 -> 0 | D8: =IF(シフト表!R3="早",1,0)+IF(シフト表!R4="早",1,0)+IF(シフト表!R5="早",1,0)+IF(シフト表!R6="早",1,0)+IF(シフト表!R7="早",1,0) -> 0 | E8: =IF(シフト表!R3="日",1,0)+IF(シフト表!R4="日",1,0)+IF(シフト表!R5="日",1,0)+IF(シフト表!R6="日",1,0)+IF(シフト表!R7="日",1,0) -> 0 | F8: =IF(シフト表!R3="遅",1,0)+IF(シフト表!R4="遅",1,0)+IF(シフト表!R5="遅",1,0)+IF(シフト表!R6="遅",1,0)+IF(シフト表!R7="遅",1,0) -> 0
A9: 6/17 | B9: 水 | C9: =シフト表!S8 -> 0 | D9: =IF(シフト表!S3="早",1,0)+IF(シフト表!S4="早",1,0)+IF(シフト表!S5="早",1,0)+IF(シフト表!S6="早",1,0)+IF(シフト表!S7="早",1,0) -> 0 | E9: =IF(シフト表!S3="日",1,0)+IF(シフト表!S4="日",1,0)+IF(シフト表!S5="日",1,0)+IF(シフト表!S6="日",1,0)+IF(シフト表!S7="日",1,0) -> 0 | F9: =IF(シフト表!S3="遅",1,0)+IF(シフト表!S4="遅",1,0)+IF(シフト表!S5="遅",1,0)+IF(シフト表!S6="遅",1,0)+IF(シフト表!S7="遅",1,0) -> 0
A10: 6/18 | B10: 木 | C10: =シフト表!T8 -> 0 | D10: =IF(シフト表!T3="早",1,0)+IF(シフト表!T4="早",1,0)+IF(シフト表!T5="早",1,0)+IF(シフト表!T6="早",1,0)+IF(シフト表!T7="早",1,0) -> 0 | E10: =IF(シフト表!T3="日",1,0)+IF(シフト表!T4="日",1,0)+IF(シフト表!T5="日",1,0)+IF(シフト表!T6="日",1,0)+IF(シフト表!T7="日",1,0) -> 0 | F10: =IF(シフト表!T3="遅",1,0)+IF(シフト表!T4="遅",1,0)+IF(シフト表!T5="遅",1,0)+IF(シフト表!T6="遅",1,0)+IF(シフト表!T7="遅",1,0) -> 0
A11: 6/19 | B11: 金 | C11: =シフト表!U8 -> 0 | D11: =IF(シフト表!U3="早",1,0)+IF(シフト表!U4="早",1,0)+IF(シフト表!U5="早",1,0)+IF(シフト表!U6="早",1,0)+IF(シフト表!U7="早",1,0) -> 0 | E11: =IF(シフト表!U3="日",1,0)+IF(シフト表!U4="日",1,0)+IF(シフト表!U5="日",1,0)+IF(シフト表!U6="日",1,0)+IF(シフト表!U7="日",1,0) -> 0 | F11: =IF(シフト表!U3="遅",1,0)+IF(シフト表!U4="遅",1,0)+IF(シフト表!U5="遅",1,0)+IF(シフト表!U6="遅",1,0)+IF(シフト表!U7="遅",1,0) -> 0
A12: 6/20 | B12: 土 | C12: =シフト表!V8 -> 0 | D12: =IF(シフト表!V3="早",1,0)+IF(シフト表!V4="早",1,0)+IF(シフト表!V5="早",1,0)+IF(シフト表!V6="早",1,0)+IF(シフト表!V7="早",1,0) -> 0 | E12: =IF(シフト表!V3="日",1,0)+IF(シフト表!V4="日",1,0)+IF(シフト表!V5="日",1,0)+IF(シフト表!V6="日",1,0)+IF(シフト表!V7="日",1,0) -> 0 | F12: =IF(シフト表!V3="遅",1,0)+IF(シフト表!V4="遅",1,0)+IF(シフト表!V5="遅",1,0)+IF(シフト表!V6="遅",1,0)+IF(シフト表!V7="遅",1,0) -> 0
A13: 6/21 | B13: 日 | C13: =シフト表!W8 -> 0 | D13: =IF(シフト表!W3="早",1,0)+IF(シフト表!W4="早",1,0)+IF(シフト表!W5="早",1,0)+IF(シフト表!W6="早",1,0)+IF(シフト表!W7="早",1,0) -> 0 | E13: =IF(シフト表!W3="日",1,0)+IF(シフト表!W4="日",1,0)+IF(シフト表!W5="日",1,0)+IF(シフト表!W6="日",1,0)+IF(シフト表!W7="日",1,0) -> 0 | F13: =IF(シフト表!W3="遅",1,0)+IF(シフト表!W4="遅",1,0)+IF(シフト表!W5="遅",1,0)+IF(シフト表!W6="遅",1,0)+IF(シフト表!W7="遅",1,0) -> 0
A14: 6/22 | B14: 月 | C14: =シフト表!X8 -> 0 | D14: =IF(シフト表!X3="早",1,0)+IF(シフト表!X4="早",1,0)+IF(シフト表!X5="早",1,0)+IF(シフト表!X6="早",1,0)+IF(シフト表!X7="早",1,0) -> 0 | E14: =IF(シフト表!X3="日",1,0)+IF(シフト表!X4="日",1,0)+IF(シフト表!X5="日",1,0)+IF(シフト表!X6="日",1,0)+IF(シフト表!X7="日",1,0) -> 0 | F14: =IF(シフト表!X3="遅",1,0)+IF(シフト表!X4="遅",1,0)+IF(シフト表!X5="遅",1,0)+IF(シフト表!X6="遅",1,0)+IF(シフト表!X7="遅",1,0) -> 0
A15: 6/23 | B15: 火 | C15: =シフト表!Y8 -> 0 | D15: =IF(シフト表!Y3="早",1,0)+IF(シフト表!Y4="早",1,0)+IF(シフト表!Y5="早",1,0)+IF(シフト表!Y6="早",1,0)+IF(シフト表!Y7="早",1,0) -> 0 | E15: =IF(シフト表!Y3="日",1,0)+IF(シフト表!Y4="日",1,0)+IF(シフト表!Y5="日",1,0)+IF(シフト表!Y6="日",1,0)+IF(シフト表!Y7="日",1,0) -> 0 | F15: =IF(シフト表!Y3="遅",1,0)+IF(シフト表!Y4="遅",1,0)+IF(シフト表!Y5="遅",1,0)+IF(シフト表!Y6="遅",1,0)+IF(シフト表!Y7="遅",1,0) -> 0
A16: 6/24 | B16: 水 | C16: =シフト表!Z8 -> 0 | D16: =IF(シフト表!Z3="早",1,0)+IF(シフト表!Z4="早",1,0)+IF(シフト表!Z5="早",1,0)+IF(シフト表!Z6="早",1,0)+IF(シフト表!Z7="早",1,0) -> 0 | E16: =IF(シフト表!Z3="日",1,0)+IF(シフト表!Z4="日",1,0)+IF(シフト表!Z5="日",1,0)+IF(シフト表!Z6="日",1,0)+IF(シフト表!Z7="日",1,0) -> 0 | F16: =IF(シフト表!Z3="遅",1,0)+IF(シフト表!Z4="遅",1,0)+IF(シフト表!Z5="遅",1,0)+IF(シフト表!Z6="遅",1,0)+IF(シフト表!Z7="遅",1,0) -> 0
A17: 6/25 | B17: 木 | C17: =シフト表!AA8 -> 0 | D17: =IF(シフト表!AA3="早",1,0)+IF(シフト表!AA4="早",1,0)+IF(シフト表!AA5="早",1,0)+IF(シフト表!AA6="早",1,0)+IF(シフト表!AA7="早",1,0) -> 0 | E17: =IF(シフト表!AA3="日",1,0)+IF(シフト表!AA4="日",1,0)+IF(シフト表!AA5="日",1,0)+IF(シフト表!AA6="日",1,0)+IF(シフト表!AA7="日",1,0) -> 0 | F17: =IF(シフト表!AA3="遅",1,0)+IF(シフト表!AA4="遅",1,0)+IF(シフト表!AA5="遅",1,0)+IF(シフト表!AA6="遅",1,0)+IF(シフト表!AA7="遅",1,0) -> 0
A18: 6/26 | B18: 金 | C18: =シフト表!AB8 -> 0 | D18: =IF(シフト表!AB3="早",1,0)+IF(シフト表!AB4="早",1,0)+IF(シフト表!AB5="早",1,0)+IF(シフト表!AB6="早",1,0)+IF(シフト表!AB7="早",1,0) -> 0 | E18: =IF(シフト表!AB3="日",1,0)+IF(シフト表!AB4="日",1,0)+IF(シフト表!AB5="日",1,0)+IF(シフト表!AB6="日",1,0)+IF(シフト表!AB7="日",1,0) -> 0 | F18: =IF(シフト表!AB3="遅",1,0)+IF(シフト表!AB4="遅",1,0)+IF(シフト表!AB5="遅",1,0)+IF(シフト表!AB6="遅",1,0)+IF(シフト表!AB7="遅",1,0) -> 0
A19: 6/27 | B19: 土 | C19: =シフト表!AC8 -> 0 | D19: =IF(シフト表!AC3="早",1,0)+IF(シフト表!AC4="早",1,0)+IF(シフト表!AC5="早",1,0)+IF(シフト表!AC6="早",1,0)+IF(シフト表!AC7="早",1,0) -> 0 | E19: =IF(シフト表!AC3="日",1,0)+IF(シフト表!AC4="日",1,0)+IF(シフト表!AC5="日",1,0)+IF(シフト表!AC6="日",1,0)+IF(シフト表!AC7="日",1,0) -> 0 | F19: =IF(シフト表!AC3="遅",1,0)+IF(シフト表!AC4="遅",1,0)+IF(シフト表!AC5="遅",1,0)+IF(シフト表!AC6="遅",1,0)+IF(シフト表!AC7="遅",1,0) -> 0
A20: 6/28 | B20: 日 | C20: =シフト表!AD8 -> 0 | D20: =IF(シフト表!AD3="早",1,0)+IF(シフト表!AD4="早",1,0)+IF(シフト表!AD5="早",1,0)+IF(シフト表!AD6="早",1,0)+IF(シフト表!AD7="早",1,0) -> 0 | E20: =IF(シフト表!AD3="日",1,0)+IF(シフト表!AD4="日",1,0)+IF(シフト表!AD5="日",1,0)+IF(シフト表!AD6="日",1,0)+IF(シフト表!AD7="日",1,0) -> 0 | F20: =IF(シフト表!AD3="遅",1,0)+IF(シフト表!AD4="遅",1,0)+IF(シフト表!AD5="遅",1,0)+IF(シフト表!AD6="遅",1,0)+IF(シフト表!AD7="遅",1,0) -> 0
A21: 6/29 | B21: 月 | C21: =シフト表!AE8 -> 0 | D21: =IF(シフト表!AE3="早",1,0)+IF(シフト表!AE4="早",1,0)+IF(シフト表!AE5="早",1,0)+IF(シフト表!AE6="早",1,0)+IF(シフト表!AE7="早",1,0) -> 0 | E21: =IF(シフト表!AE3="日",1,0)+IF(シフト表!AE4="日",1,0)+IF(シフト表!AE5="日",1,0)+IF(シフト表!AE6="日",1,0)+IF(シフト表!AE7="日",1,0) -> 0 | F21: =IF(シフト表!AE3="遅",1,0)+IF(シフト表!AE4="遅",1,0)+IF(シフト表!AE5="遅",1,0)+IF(シフト表!AE6="遅",1,0)+IF(シフト表!AE7="遅",1,0) -> 0
A22: 6/30 | B22: 火 | C22: =シフト表!AF8 -> 0 | D22: =IF(シフト表!AF3="早",1,0)+IF(シフト表!AF4="早",1,0)+IF(シフト表!AF5="早",1,0)+IF(シフト表!AF6="早",1,0)+IF(シフト表!AF7="早",1,0) -> 0 | E22: =IF(シフト表!AF3="日",1,0)+IF(シフト表!AF4="日",1,0)+IF(シフト表!AF5="日",1,0)+IF(シフト表!AF6="日",1,0)+IF(シフト表!AF7="日",1,0) -> 0 | F22: =IF(シフト表!AF3="遅",1,0)+IF(シフト表!AF4="遅",1,0)+IF(シフト表!AF5="遅",1,0)+IF(シフト表!AF6="遅",1,0)+IF(シフト表!AF7="遅",1,0) -> 0
A23: 7/1 | B23: 水
A24: 7/2 | B24: 木
A25: 7/3 | B25: 金
A26: 7/4 | B26: 土
A27: 7/5 | B27: 日
A28: 7/6 | B28: 月
A29: 7/7 | B29: 火
A30: 7/8 | B30: 水
A31: 7/9 | B31: 木
A32: 7/10 | B32: 金
